model,repeat_a,fold_a,repeat_b,fold_b,spearman_rank_correlation,top10_overlap,top10_jaccard
logistic,0,0,0,1,0.40970671119924856,6,0.42857142857142855
logistic,0,0,0,2,0.6153219914413944,5,0.3333333333333333
logistic,0,0,0,3,0.5086942907838432,4,0.25
logistic,0,0,0,4,0.36854190585533875,7,0.5384615384615384
logistic,0,0,1,0,0.5858887381275442,6,0.42857142857142855
logistic,0,0,1,1,0.5704414987997078,6,0.42857142857142855
logistic,0,0,1,2,0.3881223254357583,5,0.3333333333333333
logistic,0,0,1,3,0.6389520926834361,6,0.42857142857142855
logistic,0,0,1,4,0.4938732908882163,5,0.3333333333333333
logistic,0,0,2,0,0.5806700761924644,6,0.42857142857142855
logistic,0,0,2,1,0.4312910969627388,5,0.3333333333333333
logistic,0,0,2,2,0.5483978707859306,7,0.5384615384615384
logistic,0,0,2,3,0.492871307796681,5,0.3333333333333333
logistic,0,0,2,4,0.430581358939568,4,0.25
logistic,0,1,0,2,0.4102077027450163,5,0.3333333333333333
logistic,0,1,0,3,0.5724872142782592,6,0.42857142857142855
logistic,0,1,0,4,0.37380231708589917,6,0.42857142857142855
logistic,0,1,1,0,0.4965452457989773,5,0.3333333333333333
logistic,0,1,1,1,0.5485648679678532,9,0.8181818181818182
logistic,0,1,1,2,0.28842500782799296,5,0.3333333333333333
logistic,0,1,1,3,0.584636259263125,7,0.5384615384615384
logistic,0,1,1,4,0.494374282433984,6,0.42857142857142855
logistic,0,1,2,0,0.46009811084437957,6,0.42857142857142855
logistic,0,1,2,1,0.536791566642313,8,0.6666666666666666
logistic,0,1,2,2,0.5480638764220855,7,0.5384615384615384
logistic,0,1,2,3,0.5740736875065234,5,0.3333333333333333
logistic,0,1,2,4,0.4881118881118882,4,0.25
logistic,0,2,0,3,0.46435653898340473,4,0.25
logistic,0,2,0,4,0.395553700031312,7,0.5384615384615384
logistic,0,2,1,0,0.5394635215530739,8,0.6666666666666666
logistic,0,2,1,1,0.438430226489928,4,0.25
logistic,0,2,1,2,0.4130466548376997,7,0.5384615384615384
logistic,0,2,1,3,0.6304769857008664,5,0.3333333333333333
logistic,0,2,1,4,0.4931218035695649,5,0.3333333333333333
logistic,0,2,2,0,0.49934244859618,5,0.3333333333333333
logistic,0,2,2,1,0.3757645339734893,5,0.3333333333333333
logistic,0,2,2,2,0.5858887381275442,6,0.42857142857142855
logistic,0,2,2,3,0.5860974846049474,6,0.42857142857142855
logistic,0,2,2,4,0.3984344014194761,6,0.42857142857142855
logistic,0,3,0,4,0.3735518213130154,4,0.25
logistic,0,3,1,0,0.41242041540549007,3,0.17647058823529413
logistic,0,3,1,1,0.5526562989249557,6,0.42857142857142855
logistic,0,3,1,2,0.45671641791044787,4,0.25
logistic,0,3,1,3,0.5561214904498488,5,0.3333333333333333
logistic,0,3,1,4,0.7262916188289325,6,0.42857142857142855
logistic,0,3,2,0,0.43830497860348616,4,0.25
logistic,0,3,2,1,0.4851476881327629,5,0.3333333333333333
logistic,0,3,2,2,0.6439202588456321,5,0.3333333333333333
logistic,0,3,2,3,0.5531572904707234,4,0.25
logistic,0,3,2,4,0.653856591170024,5,0.3333333333333333
logistic,0,4,1,0,0.6397035800020876,9,0.8181818181818182
logistic,0,4,1,1,0.300323557039975,5,0.3333333333333333
logistic,0,4,1,2,0.3751800438367603,5,0.3333333333333333
logistic,0,4,1,3,0.5285669554326271,7,0.5384615384615384
logistic,0,4,1,4,0.43145809414466135,6,0.42857142857142855
logistic,0,4,2,0,0.4869011585429497,7,0.5384615384615384
logistic,0,4,2,1,0.5703162509132659,7,0.5384615384615384
logistic,0,4,2,2,0.5524893017430332,8,0.6666666666666666
logistic,0,4,2,3,0.28896774866924124,6,0.42857142857142855
logistic,0,4,2,4,0.31915248930174306,4,0.25
logistic,1,0,1,1,0.46339630518735003,4,0.25
logistic,1,0,1,2,0.2320634589291306,5,0.3333333333333333
logistic,1,0,1,3,0.6008349859096129,6,0.42857142857142855
logistic,1,0,1,4,0.45137250808892615,5,0.3333333333333333
logistic,1,0,2,0,0.49637824861705465,6,0.42857142857142855
logistic,1,0,2,1,0.6511011376683019,6,0.42857142857142855
logistic,1,0,2,2,0.5329923807535749,7,0.5384615384615384
logistic,1,0,2,3,0.5007619246425218,7,0.5384615384615384
logistic,1,0,2,4,0.4646905333472498,5,0.3333333333333333
logistic,1,1,1,2,0.34524579897714236,4,0.25
logistic,1,1,1,3,0.5525728003339945,6,0.42857142857142855
logistic,1,1,1,4,0.3832376578645236,5,0.3333333333333333
logistic,1,1,2,0,0.3991858887381276,5,0.3333333333333333
logistic,1,1,2,1,0.5538670284938942,7,0.5384615384615384
logistic,1,1,2,2,0.42456946039035603,6,0.42857142857142855
logistic,1,1,2,3,0.6491806700761926,5,0.3333333333333333
logistic,1,1,2,4,0.5278572174094563,4,0.25
logistic,1,2,1,3,0.38962530007306134,4,0.25
logistic,1,2,1,4,0.36779041853668726,4,0.25
logistic,1,2,2,0,0.33522596806178906,5,0.3333333333333333
logistic,1,2,2,1,0.25640329819434304,4,0.25
logistic,1,2,2,2,0.35317816511846367,6,0.42857142857142855
logistic,1,2,2,3,0.3262916188289323,5,0.3333333333333333
logistic,1,2,2,4,0.5425947187141218,5,0.3333333333333333
logistic,1,3,1,4,0.45108026302056164,6,0.42857142857142855
logistic,1,3,2,0,0.5089030372612463,7,0.5384615384615384
logistic,1,3,2,1,0.47216365723828413,6,0.42857142857142855
logistic,1,3,2,2,0.6380753574783427,6,0.42857142857142855
logistic,1,3,2,3,0.5229308005427409,6,0.42857142857142855
logistic,1,3,2,4,0.4795950318338379,4,0.25
logistic,1,4,2,0,0.6111888111888113,6,0.42857142857142855
logistic,1,4,2,1,0.308297672476777,6,0.42857142857142855
logistic,1,4,2,2,0.6506836447134956,7,0.5384615384615384
logistic,1,4,2,3,0.44247990815155,4,0.25
logistic,1,4,2,4,0.4744181191942387,4,0.25
logistic,2,0,2,1,0.30575096545245806,6,0.42857142857142855
logistic,2,0,2,2,0.5888529381066695,6,0.42857142857142855
logistic,2,0,2,3,0.2844170754618516,5,0.3333333333333333
logistic,2,0,2,4,0.4254044462999687,4,0.25
logistic,2,1,2,2,0.5479386285356436,7,0.5384615384615384
logistic,2,1,2,3,0.5157916710155518,4,0.25
logistic,2,1,2,4,0.4373864941029121,3,0.17647058823529413
logistic,2,2,2,3,0.44824131092787817,5,0.3333333333333333
logistic,2,2,2,4,0.4556726855234319,4,0.25
logistic,2,3,2,4,0.45521344327314484,6,0.42857142857142855
random_forest,0,0,0,1,0.9001356852103124,8,0.6666666666666666
random_forest,0,0,0,2,0.8642312910969627,8,0.6666666666666666
random_forest,0,0,0,3,0.917837386494103,9,0.8181818181818182
random_forest,0,0,0,4,0.875545350172216,8,0.6666666666666666
random_forest,0,0,1,0,0.8831019726542118,7,0.5384615384615384
random_forest,0,0,1,1,0.8810145078801798,8,0.6666666666666666
random_forest,0,0,1,2,0.8536269700448806,8,0.6666666666666666
random_forest,0,0,1,3,0.9253105103851373,7,0.5384615384615384
random_forest,0,0,1,4,0.9223463104060121,8,0.6666666666666666
random_forest,0,0,2,0,0.86272831645966,8,0.6666666666666666
random_forest,0,0,2,1,0.8856904289740113,7,0.5384615384615384
random_forest,0,0,2,2,0.9249765160212923,9,0.8181818181818182
random_forest,0,0,2,3,0.9100720175347043,7,0.5384615384615384
random_forest,0,0,2,4,0.9341196117315521,8,0.6666666666666666
random_forest,0,1,0,2,0.8264481786869848,8,0.6666666666666666
random_forest,0,1,0,3,0.8917023275232232,8,0.6666666666666666
random_forest,0,1,0,4,0.8374699926938735,7,0.5384615384615384
random_forest,0,1,1,0,0.8513307587934454,7,0.5384615384615384
random_forest,0,1,1,1,0.9065233274188499,7,0.5384615384615384
random_forest,0,1,1,2,0.8229829871620917,8,0.6666666666666666
random_forest,0,1,1,3,0.9065233274188499,7,0.5384615384615384
random_forest,0,1,1,4,0.9142051977872876,7,0.5384615384615384
random_forest,0,1,2,0,0.8218140068886339,8,0.6666666666666666
random_forest,0,1,2,1,0.9252687610896567,8,0.6666666666666666
random_forest,0,1,2,2,0.8916605782277426,8,0.6666666666666666
random_forest,0,1,2,3,0.8465295898131722,6,0.42857142857142855
random_forest,0,1,2,4,0.9028076401210732,9,0.8181818181818182
random_forest,0,2,0,3,0.9036426260306858,8,0.6666666666666666
random_forest,0,2,0,4,0.9261872455902308,7,0.5384615384615384
random_forest,0,2,1,0,0.8801377726750863,8,0.6666666666666666
random_forest,0,2,1,1,0.896920989458303,9,0.8181818181818182
random_forest,0,2,1,2,0.9272309779772469,8,0.6666666666666666
random_forest,0,2,1,3,0.8610583446404344,8,0.6666666666666666
random_forest,0,2,1,4,0.900970671119925,9,0.8181818181818182
random_forest,0,2,2,0,0.911950735831333,8,0.6666666666666666
random_forest,0,2,2,1,0.8243189646174722,9,0.8181818181818182
random_forest,0,2,2,2,0.909404028807014,8,0.6666666666666666
random_forest,0,2,2,3,0.9026406429391506,8,0.6666666666666666
random_forest,0,2,2,4,0.885147688132763,8,0.6666666666666666
random_forest,0,3,0,4,0.9064815781233692,9,0.8181818181818182
random_forest,0,3,1,0,0.8910760880910137,8,0.6666666666666666
random_forest,0,3,1,1,0.903517378144244,9,0.8181818181818182
random_forest,0,3,1,2,0.9195491076088091,8,0.6666666666666666
random_forest,0,3,1,3,0.9259784991128276,7,0.5384615384615384
random_forest,0,3,1,4,0.9239745329297568,8,0.6666666666666666
random_forest,0,3,2,0,0.8955015134119612,8,0.6666666666666666
random_forest,0,3,2,1,0.8999269387329091,7,0.5384615384615384
random_forest,0,3,2,2,0.9094457781024946,10,1.0
random_forest,0,3,2,3,0.902139651393383,8,0.6666666666666666
random_forest,0,3,2,4,0.8919110740006265,8,0.6666666666666666
random_forest,0,4,1,0,0.8643147896879241,8,0.6666666666666666
random_forest,0,4,1,1,0.9032251330758796,8,0.6666666666666666
random_forest,0,4,1,2,0.8927043106147584,8,0.6666666666666666
random_forest,0,4,1,3,0.8767978290366352,7,0.5384615384615384
random_forest,0,4,1,4,0.8864836655881434,7,0.5384615384615384
random_forest,0,4,2,0,0.9432627074418121,8,0.6666666666666666
random_forest,0,4,2,1,0.8426886546289533,7,0.5384615384615384
random_forest,0,4,2,2,0.9123264794906589,9,0.8181818181818182
random_forest,0,4,2,3,0.9071078175555789,8,0.6666666666666666
random_forest,0,4,2,4,0.8678634798037785,7,0.5384615384615384
random_forest,1,0,1,1,0.8102494520404969,8,0.6666666666666666
random_forest,1,0,1,2,0.8568834150923704,8,0.6666666666666666
random_forest,1,0,1,3,0.8144243815885609,6,0.42857142857142855
random_forest,1,0,1,4,0.836718505375222,7,0.5384615384615384
random_forest,1,0,2,0,0.8307483561214906,7,0.5384615384615384
random_forest,1,0,2,1,0.8755036008767354,8,0.6666666666666666
random_forest,1,0,2,2,0.9005949274605992,8,0.6666666666666666
random_forest,1,0,2,3,0.8203945308422922,7,0.5384615384615384
random_forest,1,0,2,4,0.8701596910552135,6,0.42857142857142855
random_forest,1,1,1,2,0.8991754514142576,7,0.5384615384615384
random_forest,1,1,1,3,0.9089865358522076,7,0.5384615384615384
random_forest,1,1,1,4,0.9238910343387957,9,0.8181818181818182
random_forest,1,1,2,0,0.9005114288696379,7,0.5384615384615384
random_forest,1,1,2,1,0.8611835925268762,8,0.6666666666666666
random_forest,1,1,2,2,0.907441811919424,9,0.8181818181818182
random_forest,1,1,2,3,0.911950735831333,9,0.8181818181818182
random_forest,1,1,2,4,0.9051456006679889,8,0.6666666666666666
random_forest,1,2,1,3,0.8329610687819645,7,0.5384615384615384
random_forest,1,2,1,4,0.8659847615071498,7,0.5384615384615384
random_forest,1,2,2,0,0.9088195386702851,8,0.6666666666666666
random_forest,1,2,2,1,0.783321156455485,8,0.6666666666666666
random_forest,1,2,2,2,0.8846049472915145,8,0.6666666666666666
random_forest,1,2,2,3,0.8755870994676966,6,0.42857142857142855
random_forest,1,2,2,4,0.870326688237136,7,0.5384615384615384
random_forest,1,3,1,4,0.9357060849598163,8,0.6666666666666666
random_forest,1,3,2,0,0.8647322826427306,8,0.6666666666666666
random_forest,1,3,2,1,0.9052708485544309,7,0.5384615384615384
random_forest,1,3,2,2,0.8841457050412277,7,0.5384615384615384
random_forest,1,3,2,3,0.9160004174929549,7,0.5384615384615384
random_forest,1,3,2,4,0.8785095501513412,7,0.5384615384615384
random_forest,1,4,2,0,0.8880701388164076,7,0.5384615384615384
random_forest,1,4,2,1,0.8980064711407998,8,0.6666666666666666
random_forest,1,4,2,2,0.9192151132449641,8,0.6666666666666666
random_forest,1,4,2,3,0.912201231604217,8,0.6666666666666666
random_forest,1,4,2,4,0.9150401836969003,8,0.6666666666666666
random_forest,2,0,2,1,0.7876630831854714,7,0.5384615384615384
random_forest,2,0,2,2,0.892746059910239,8,0.6666666666666666
random_forest,2,0,2,3,0.899133702118777,7,0.5384615384615384
random_forest,2,0,2,4,0.8424381588560695,7,0.5384615384615384
random_forest,2,1,2,2,0.8754618515812547,7,0.5384615384615384
random_forest,2,1,2,3,0.8431061475837597,7,0.5384615384615384
random_forest,2,1,2,4,0.8819747416762344,8,0.6666666666666666
random_forest,2,2,2,3,0.9068155724872144,8,0.6666666666666666
random_forest,2,2,2,4,0.9306544202066592,8,0.6666666666666666
random_forest,2,3,2,4,0.8749191107400065,7,0.5384615384615384
xgboost,0,0,0,1,0.3696273875378354,5,0.3333333333333333
xgboost,0,0,0,2,0.36687193403611323,7,0.5384615384615384
xgboost,0,0,0,3,0.3443273144765682,4,0.25
xgboost,0,0,0,4,0.48744389938419797,5,0.3333333333333333
xgboost,0,0,1,0,0.4300803673938003,7,0.5384615384615384
xgboost,0,0,1,1,0.4368437532616638,5,0.3333333333333333
xgboost,0,0,1,2,0.224966078697422,5,0.3333333333333333
xgboost,0,0,1,3,0.575743659325749,9,0.8181818181818182
xgboost,0,0,1,4,0.5380857948022127,7,0.5384615384615384
xgboost,0,0,2,0,0.46832272205406544,5,0.3333333333333333
xgboost,0,0,2,1,0.4350485335559963,7,0.5384615384615384
xgboost,0,0,2,2,0.6227951153324288,7,0.5384615384615384
xgboost,0,0,2,3,0.4797620290157604,7,0.5384615384615384
xgboost,0,0,2,4,0.3808996973176078,5,0.3333333333333333
xgboost,0,1,0,2,0.49687924016282237,5,0.3333333333333333
xgboost,0,1,0,3,0.27193403611314065,5,0.3333333333333333
xgboost,0,1,0,4,0.26170545872038414,4,0.25
xgboost,0,1,1,0,0.5062310823504854,7,0.5384615384615384
xgboost,0,1,1,1,0.5824652958981318,5,0.3333333333333333
xgboost,0,1,1,2,0.30913265838638976,3,0.17647058823529413
xgboost,0,1,1,3,0.4132554013151029,5,0.3333333333333333
xgboost,0,1,1,4,0.44924329401941354,7,0.5384615384615384
xgboost,0,1,2,0,0.38774658177643256,3,0.17647058823529413
xgboost,0,1,2,1,0.6053439098215219,7,0.5384615384615384
xgboost,0,1,2,2,0.36307274814737506,5,0.3333333333333333
xgboost,0,1,2,3,0.5370003131197162,6,0.42857142857142855
xgboost,0,1,2,4,0.409664961903768,7,0.5384615384615384
xgboost,0,2,0,3,0.5240162822252376,3,0.17647058823529413
xgboost,0,2,0,4,0.2766934557979335,4,0.25
xgboost,0,2,1,0,0.44840830810980076,6,0.42857142857142855
xgboost,0,2,1,1,0.41146018160943537,4,0.25
xgboost,0,2,1,2,0.47880179521970573,5,0.3333333333333333
xgboost,0,2,1,3,0.48260098110844396,7,0.5384615384615384
xgboost,0,2,1,4,0.45496294750026095,6,0.42857142857142855
xgboost,0,2,2,0,0.3152698048220437,4,0.25
xgboost,0,2,2,1,0.3204467174616429,5,0.3333333333333333
xgboost,0,2,2,2,0.4970462373447449,7,0.5384615384615384
xgboost,0,2,2,3,0.553783529902933,6,0.42857142857142855
xgboost,0,2,2,4,0.476923076923077,4,0.25
xgboost,0,3,0,4,0.4154681139755767,3,0.17647058823529413
xgboost,0,3,1,0,0.39647218453188604,6,0.42857142857142855
xgboost,0,3,1,1,0.302285773927565,4,0.25
xgboost,0,3,1,2,0.6614967122429809,4,0.25
xgboost,0,3,1,3,0.34699926938732917,4,0.25
xgboost,0,3,1,4,0.4155098632710574,5,0.3333333333333333
xgboost,0,3,2,0,0.4166788435445153,3,0.17647058823529413
xgboost,0,3,2,1,0.2596179939463522,5,0.3333333333333333
xgboost,0,3,2,2,0.3708381171067739,4,0.25
xgboost,0,3,2,3,0.3817346832272206,5,0.3333333333333333
xgboost,0,3,2,4,0.347249765160213,5,0.3333333333333333
xgboost,0,4,1,0,0.44995303204258436,5,0.3333333333333333
xgboost,0,4,1,1,0.37062937062937074,6,0.42857142857142855
xgboost,0,4,1,2,0.45742615593361874,5,0.3333333333333333
xgboost,0,4,1,3,0.5027241415301118,6,0.42857142857142855
xgboost,0,4,1,4,0.4317920885085065,6,0.42857142857142855
xgboost,0,4,2,0,0.5822565494207287,8,0.6666666666666666
xgboost,0,4,2,1,0.421104268865463,5,0.3333333333333333
xgboost,0,4,2,2,0.38194342970462375,4,0.25
xgboost,0,4,2,3,0.3176495146644401,7,0.5384615384615384
xgboost,0,4,2,4,0.3874543367080681,5,0.3333333333333333
xgboost,1,0,1,1,0.38094144661308843,6,0.42857142857142855
xgboost,1,0,1,2,0.48335246842709534,4,0.25
xgboost,1,0,1,3,0.5177956371986224,7,0.5384615384615384
xgboost,1,0,1,4,0.37488779876839584,6,0.42857142857142855
xgboost,1,0,2,0,0.40624151967435557,4,0.25
xgboost,1,0,2,1,0.478551299446822,8,0.6666666666666666
xgboost,1,0,2,2,0.44477611940298517,6,0.42857142857142855
xgboost,1,0,2,3,0.4923703162509133,8,0.6666666666666666
xgboost,1,0,2,4,0.41859931113662463,6,0.42857142857142855
xgboost,1,1,1,2,0.373718818494938,5,0.3333333333333333
xgboost,1,1,1,3,0.49771422607243515,5,0.3333333333333333
xgboost,1,1,1,4,0.45888738127544115,5,0.3333333333333333
xgboost,1,1,2,0,0.3012837908360297,6,0.42857142857142855
xgboost,1,1,2,1,0.571568729777685,6,0.42857142857142855
xgboost,1,1,2,2,0.4297463730299552,6,0.42857142857142855
xgboost,1,1,2,3,0.4622273249138922,6,0.42857142857142855
xgboost,1,1,2,4,0.4008976098528338,6,0.42857142857142855
xgboost,1,2,1,3,0.3960964408725604,5,0.3333333333333333
xgboost,1,2,1,4,0.2748564867967853,4,0.25
xgboost,1,2,2,0,0.44502661517586894,5,0.3333333333333333
xgboost,1,2,2,1,0.34036113140590757,3,0.17647058823529413
xgboost,1,2,2,2,0.4132554013151029,6,0.42857142857142855
xgboost,1,2,2,3,0.35497338482413116,5,0.3333333333333333
xgboost,1,2,2,4,0.3229516751904812,4,0.25
xgboost,1,3,1,4,0.4679887276902204,8,0.6666666666666666
xgboost,1,3,2,0,0.4686567164179105,6,0.42857142857142855
xgboost,1,3,2,1,0.45897087986640234,7,0.5384615384615384
xgboost,1,3,2,2,0.530320425842814,7,0.5384615384615384
xgboost,1,3,2,3,0.48239223463104064,8,0.6666666666666666
xgboost,1,3,2,4,0.26913683331593785,5,0.3333333333333333
xgboost,1,4,2,0,0.5068990710781756,6,0.42857142857142855
xgboost,1,4,2,1,0.5528232961068783,7,0.5384615384615384
xgboost,1,4,2,2,0.49800647114079954,6,0.42857142857142855
xgboost,1,4,2,3,0.5515708172424592,7,0.5384615384615384
xgboost,1,4,2,4,0.34466130884041335,6,0.42857142857142855
xgboost,2,0,2,1,0.4070347562884877,4,0.25
xgboost,2,0,2,2,0.41104268865462906,5,0.3333333333333333
xgboost,2,0,2,3,0.42006053647844704,6,0.42857142857142855
xgboost,2,0,2,4,0.3052499739066904,4,0.25
xgboost,2,1,2,2,0.42373447448074325,5,0.3333333333333333
xgboost,2,1,2,3,0.5815468113975577,7,0.5384615384615384
xgboost,2,1,2,4,0.34662352572800337,6,0.42857142857142855
xgboost,2,2,2,3,0.5011794175973282,7,0.5384615384615384
xgboost,2,2,2,4,0.3857843648888426,6,0.42857142857142855
xgboost,2,3,2,4,0.4053647844692621,7,0.5384615384615384
