control,iteration,roc_auc,average_precision
within_athlete_permutation,0,0.5506807849420623,0.01550618698147754
within_athlete_circular_shift,0,0.5529880788237196,0.016268674930720713
within_athlete_permutation,1,0.530749303130686,0.01490256483076423
within_athlete_circular_shift,1,0.5538968355388418,0.01592026420330863
within_athlete_permutation,2,0.5203109988477329,0.014769202147396044
within_athlete_circular_shift,2,0.48067233086438566,0.013039192752380888
within_athlete_permutation,3,0.5493919551367532,0.015546804726897352
within_athlete_circular_shift,3,0.5144316769450815,0.013673719848521877
within_athlete_permutation,4,0.5343987256069997,0.015006945549652394
within_athlete_circular_shift,4,0.5847749578068413,0.01748400401318857
within_athlete_permutation,5,0.523907781561461,0.01463058566630947
within_athlete_circular_shift,5,0.523226471457448,0.014683426328523798
within_athlete_permutation,6,0.5581186639468083,0.016616566868674243
within_athlete_circular_shift,6,0.5544775204941876,0.016914250392436585
within_athlete_permutation,7,0.5647484731688581,0.017327560226758257
within_athlete_circular_shift,7,0.5197355449173076,0.015049138122350331
within_athlete_permutation,8,0.5247452810079815,0.014351114249978019
within_athlete_circular_shift,8,0.5373154544864791,0.01490506786748891
within_athlete_permutation,9,0.5355024512706346,0.01526770613005744
within_athlete_circular_shift,9,0.5767481766068153,0.017093035491875998
within_athlete_permutation,10,0.5438697227659766,0.01739392570026365
within_athlete_circular_shift,10,0.5267581134947057,0.014452956935875656
within_athlete_permutation,11,0.5599849865465865,0.016311161456498014
within_athlete_circular_shift,11,0.5094838069916561,0.015258055238294817
within_athlete_permutation,12,0.5762533092925863,0.017334022470919985
within_athlete_circular_shift,12,0.5222052065173628,0.014592697621713741
within_athlete_permutation,13,0.5534307388616755,0.015804281543292976
within_athlete_circular_shift,13,0.5887382417783837,0.01903512648677145
within_athlete_permutation,14,0.5549873806672441,0.016554868113094666
within_athlete_circular_shift,14,0.5272372465450007,0.015422582111687731
within_athlete_permutation,15,0.5158309555167233,0.014477231883458319
within_athlete_circular_shift,15,0.5310250028574988,0.01404741898164304
within_athlete_permutation,16,0.5535450182210602,0.015529306804203804
within_athlete_circular_shift,16,0.5636982316458473,0.016390032246435787
within_athlete_permutation,17,0.5432668368465982,0.015168073731318711
within_athlete_circular_shift,17,0.5547395866048692,0.018039965233226447
within_athlete_permutation,18,0.574025222189843,0.017039529323915635
within_athlete_circular_shift,18,0.5297833964385782,0.015168143550212884
within_athlete_permutation,19,0.5440394633462702,0.016372132925760185
within_athlete_circular_shift,19,0.5277819527580785,0.014244897392493345
within_athlete_permutation,20,0.5507669320965598,0.01594253655390681
within_athlete_circular_shift,20,0.5433267670927344,0.015810964241835205
within_athlete_permutation,21,0.5472976092774492,0.016538067154931505
within_athlete_circular_shift,21,0.503692320999579,0.013128251342101025
within_athlete_permutation,22,0.5634017313868703,0.016242390503930514
within_athlete_circular_shift,22,0.5264289708164414,0.015319235596395097
within_athlete_permutation,23,0.5331414878970765,0.015030893752778312
within_athlete_circular_shift,23,0.5313898771429953,0.014206084886495328
within_athlete_permutation,24,0.5711057542303855,0.01722565671188704
within_athlete_circular_shift,24,0.55984432552215,0.01617689212496081
within_athlete_permutation,25,0.5490137355593335,0.016419418683623177
within_athlete_circular_shift,25,0.510223111450693,0.013461297076110615
within_athlete_permutation,26,0.54139656008625,0.015381846742876636
within_athlete_circular_shift,26,0.5513693443404533,0.017196173429584585
within_athlete_permutation,27,0.5384959979570171,0.015309273805705629
within_athlete_circular_shift,27,0.5562210581704388,0.017379311846367013
within_athlete_permutation,28,0.5628558100932007,0.016312486764504162
within_athlete_circular_shift,28,0.5384019012922073,0.015362050966456021
within_athlete_permutation,29,0.5422100256505573,0.01552886243539136
within_athlete_circular_shift,29,0.5175277022928982,0.013938661322251206
within_athlete_permutation,30,0.5170565805366742,0.014396847167751943
within_athlete_circular_shift,30,0.537608185936163,0.015226877787398374
within_athlete_permutation,31,0.5524766122729319,0.015411895047305326
within_athlete_circular_shift,31,0.49896199166125205,0.01322472215179962
within_athlete_permutation,32,0.5298181806948408,0.01476925898567893
within_athlete_circular_shift,32,0.5657776876192555,0.017640729107059955
within_athlete_permutation,33,0.5266750761227397,0.014813662682644878
within_athlete_circular_shift,33,0.5090696292665546,0.013448856199108846
within_athlete_permutation,34,0.5405601521528036,0.01526340732286116
within_athlete_circular_shift,34,0.5349038078360342,0.015042396570500886
within_athlete_permutation,35,0.544542321359984,0.015478301651487076
within_athlete_circular_shift,35,0.508617598691832,0.0151534967436349
within_athlete_permutation,36,0.5549618845694032,0.016563531618224686
within_athlete_circular_shift,36,0.5123414088138651,0.014115370548644517
within_athlete_permutation,37,0.5179921308085744,0.013771341403234438
within_athlete_circular_shift,37,0.49805206105471056,0.013866951526378337
within_athlete_permutation,38,0.5619489686746045,0.015729671082027392
within_athlete_circular_shift,38,0.4817633290736864,0.012618286396593311
within_athlete_permutation,39,0.5608717276489529,0.015999373341569135
within_athlete_circular_shift,39,0.5488716535084421,0.015523452870349602
within_athlete_permutation,40,0.5403080332273056,0.01645675894782121
within_athlete_circular_shift,40,0.5430650922791926,0.015479871204780664
within_athlete_permutation,41,0.5452355557294655,0.01581910005714175
within_athlete_circular_shift,41,0.4958971053279224,0.013510913087168865
within_athlete_permutation,42,0.5707125829833112,0.017241629443651228
within_athlete_circular_shift,42,0.5509242953304865,0.016387458125263838
within_athlete_permutation,43,0.5535078655873731,0.017587901242047448
within_athlete_circular_shift,43,0.5264254697367703,0.014437575669113632
within_athlete_permutation,44,0.5574094481783574,0.01690961431401222
within_athlete_circular_shift,44,0.5025159170408875,0.013829129142480523
within_athlete_permutation,45,0.522732572088775,0.015049872473011535
within_athlete_circular_shift,45,0.5250230607880106,0.01497501363807676
within_athlete_permutation,46,0.5713724129338121,0.017042160566721247
within_athlete_circular_shift,46,0.5400784241846346,0.01516414566489176
within_athlete_permutation,47,0.5344934812985711,0.015442903118722182
within_athlete_circular_shift,47,0.5443757935351534,0.015194248486222292
within_athlete_permutation,48,0.5378472067047735,0.014864418559367622
within_athlete_circular_shift,48,0.5306267035584356,0.014920226927730353
within_athlete_permutation,49,0.5477920235107796,0.01524924871243968
within_athlete_circular_shift,49,0.5374214754167572,0.015159817301470403
within_athlete_permutation,50,0.5345826352626685,0.014756061774189108
within_athlete_circular_shift,50,0.5419666800188234,0.014683319994305569
within_athlete_permutation,51,0.516465804234041,0.01400453065981324
within_athlete_circular_shift,51,0.5331570368097338,0.01535728327118063
within_athlete_permutation,52,0.5329983761168702,0.015096848259333492
within_athlete_circular_shift,52,0.5313647723422944,0.015287212013202251
within_athlete_permutation,53,0.5180543058646173,0.014258927568333324
within_athlete_circular_shift,53,0.5235190999342003,0.01443256553800174
within_athlete_permutation,54,0.5472100205019106,0.015467616802635427
within_athlete_circular_shift,54,0.4928433194766092,0.012671594922618394
within_athlete_permutation,55,0.5210332715838987,0.014175670489297375
within_athlete_circular_shift,55,0.5587208290556661,0.01577297444579763
within_athlete_permutation,56,0.5487328871859454,0.016405561668494682
within_athlete_circular_shift,56,0.483349112218871,0.012968318822355017
within_athlete_permutation,57,0.5088477843829193,0.01379555733366924
within_athlete_circular_shift,57,0.5543960894999531,0.015714736497063522
within_athlete_permutation,58,0.5401497432369953,0.015858224666274616
within_athlete_circular_shift,58,0.561807689812579,0.016946279698726176
within_athlete_permutation,59,0.5456245462755206,0.015345841682280384
within_athlete_circular_shift,59,0.5762327970846304,0.0169056109576097
within_athlete_permutation,60,0.5578241819572889,0.015605078748584664
within_athlete_circular_shift,60,0.5169295325337828,0.01465044285822966
within_athlete_permutation,61,0.535534702392782,0.015094972654368703
within_athlete_circular_shift,61,0.5377016441687974,0.01531957455706286
within_athlete_permutation,62,0.5566631209653918,0.016589200006292965
within_athlete_circular_shift,62,0.5106860571561553,0.014505661220082951
within_athlete_permutation,63,0.5319667520998755,0.014425489678843679
within_athlete_circular_shift,63,0.5528436283954037,0.01582875663579345
within_athlete_permutation,64,0.5308303428277809,0.015163325939858585
within_athlete_circular_shift,64,0.5614603827091973,0.016354973053025586
within_athlete_permutation,65,0.5402999807440618,0.015801594562315373
within_athlete_circular_shift,65,0.5484180577451605,0.016989024414101456
within_athlete_permutation,66,0.5457200227776124,0.01626157017422199
within_athlete_circular_shift,66,0.5410287407749125,0.014447816652085018
within_athlete_permutation,67,0.544268928226837,0.015253543824342145
within_athlete_circular_shift,67,0.5539622645395206,0.01577584388144272
within_athlete_permutation,68,0.5244829883568507,0.014687649067230243
within_athlete_circular_shift,68,0.5219192300919857,0.01502091141347217
within_athlete_permutation,69,0.5452843031152401,0.01590536661388041
within_athlete_circular_shift,69,0.5136156782466593,0.0142929634465314
within_athlete_permutation,70,0.5495765032245974,0.0160013230062017
within_athlete_circular_shift,70,0.5557997341238909,0.016306192891688113
within_athlete_permutation,71,0.5397094721710504,0.01554836756084918
within_athlete_circular_shift,71,0.5399196193296668,0.015604364098174197
within_athlete_permutation,72,0.5439949790398598,0.015980388845353292
within_athlete_circular_shift,72,0.5634743067089955,0.01831027021747941
within_athlete_permutation,73,0.4792728669414671,0.012834460802215794
within_athlete_circular_shift,73,0.513461218849401,0.01407506313103996
within_athlete_permutation,74,0.5326092002195383,0.014857366196724113
within_athlete_circular_shift,74,0.5670459846220224,0.016398377338013456
within_athlete_permutation,75,0.5558022260688333,0.01640531807852534
within_athlete_circular_shift,75,0.4944637221213659,0.01316039752667676
within_athlete_permutation,76,0.555548109468464,0.01692099820594675
within_athlete_circular_shift,76,0.5295692539302193,0.014935721051764356
within_athlete_permutation,77,0.5345852919643013,0.015038469692995427
within_athlete_circular_shift,77,0.4936676589824833,0.012816050134303883
within_athlete_permutation,78,0.5440866249488996,0.01554529744813301
within_athlete_circular_shift,78,0.5090046121576022,0.013997800362884354
within_athlete_permutation,79,0.525935854042048,0.014844875515420027
within_athlete_circular_shift,79,0.5275122666504656,0.016272032846968265
within_athlete_permutation,80,0.5296765311302618,0.015455508834067797
within_athlete_circular_shift,80,0.5202934522602043,0.014314185100187202
within_athlete_permutation,81,0.5339635208092849,0.015472772122170918
within_athlete_circular_shift,81,0.5033090145593427,0.013502521070823365
within_athlete_permutation,82,0.572651583878146,0.01761615439326959
within_athlete_circular_shift,82,0.4971979211824588,0.0142852278843385
within_athlete_permutation,83,0.5474274375494914,0.015274144273840003
within_athlete_circular_shift,83,0.5717642455327768,0.01714130323613356
within_athlete_permutation,84,0.5435581678644135,0.015457684999061822
within_athlete_circular_shift,84,0.530542533484223,0.015217876912701558
within_athlete_permutation,85,0.538693397066713,0.015650023260477
within_athlete_circular_shift,85,0.5012122591334416,0.01324258248200184
within_athlete_permutation,86,0.5343747535085452,0.014966995516315421
within_athlete_circular_shift,86,0.5324500246620171,0.014880059763231958
within_athlete_permutation,87,0.5345560064625812,0.014467334592150431
within_athlete_circular_shift,87,0.5257770697816665,0.014750907467055633
within_athlete_permutation,88,0.5280611535645625,0.015289606467378794
within_athlete_circular_shift,88,0.5383241155397481,0.015313836530480653
within_athlete_permutation,89,0.5442962572428586,0.01555198972478039
within_athlete_circular_shift,89,0.5246571773677854,0.014899725660230338
within_athlete_permutation,90,0.5404005647035564,0.015511711177206018
within_athlete_circular_shift,90,0.5269930565352285,0.015254267292884184
within_athlete_permutation,91,0.5266567469409316,0.014536938785389315
within_athlete_circular_shift,91,0.5613931207903379,0.016324235686854816
within_athlete_permutation,92,0.556584264294445,0.01608679239750919
within_athlete_circular_shift,92,0.5457872846964719,0.014796407747421551
within_athlete_permutation,93,0.5250777806038126,0.014503380575881002
within_athlete_circular_shift,93,0.5474320095476501,0.015213337187203808
within_athlete_permutation,94,0.5266488386197921,0.014750484618326502
within_athlete_circular_shift,94,0.5554806210091554,0.015729120235591233
within_athlete_permutation,95,0.5506972194219305,0.017043625682048404
within_athlete_circular_shift,95,0.5606507271433558,0.01841892891763653
within_athlete_permutation,96,0.5245154660194474,0.014141784748170764
within_athlete_circular_shift,96,0.5198664441078373,0.014709036380756494
within_athlete_permutation,97,0.5290376870632018,0.014911739351725304
within_athlete_circular_shift,97,0.5500407463889967,0.01702098287135545
within_athlete_permutation,98,0.564573089671918,0.016674228660151467
within_athlete_circular_shift,98,0.5357803752127679,0.015257238536566842
within_athlete_permutation,99,0.540405466215096,0.01495052171505801
within_athlete_circular_shift,99,0.5761779331067243,0.01677642404623611
