repeat,offset,model,n_rows,n_positive,prevalence,roc_auc,average_precision,brier,prevalence_baseline_brier,brier_skill_score
0,0,logistic,2036,30,0.0147347740667976,0.3510302426055168,0.0128144652221905,0.0145946214370257,0.014554113414899523,-0.0027832696483391928
0,0,random_forest,2036,30,0.0147347740667976,0.3736374210701229,0.0120787910230871,0.0146102650913821,0.014554113414899523,-0.0038581310232950194
0,0,xgboost,2036,30,0.0147347740667976,0.4175556663343303,0.0125909343278646,0.0145643209905963,0.014554113414899523,-0.0007013533154363039
0,1,logistic,2043,47,0.0230053842388644,0.4347311644565727,0.0205450092334661,0.0225518184451383,0.022508199963873713,-0.0019378929161191216
0,1,random_forest,2043,47,0.0230053842388644,0.4749498997995992,0.0228631409008482,0.0225040205096894,0.022508199963873713,0.00018568584742539862
0,1,xgboost,2043,47,0.0230053842388644,0.4104698759220568,0.0188996543922293,0.0225522880222691,0.022508199963873713,-0.0019587554076359037
0,2,logistic,2033,22,0.0108214461387112,0.5452737218028119,0.021655789500496,0.0106965571808372,0.010728105899059108,0.0029407538030246094
0,2,random_forest,2033,22,0.0108214461387112,0.5895981194340217,0.0320752537969519,0.0106864450916618,0.010728105899059108,0.0038833329750186385
0,2,xgboost,2033,22,0.0108214461387112,0.5245468107228425,0.0604466388997293,0.0106845607041473,0.010728105899059108,0.004058982575444792
0,3,logistic,2044,27,0.0132093933463796,0.3062303751446041,0.0090058203628406,0.0131342473108451,0.013065804066649422,-0.005238349193554814
0,3,random_forest,2044,27,0.0132093933463796,0.3727574872840118,0.0099553881224732,0.0131104792014917,0.013065804066649422,-0.003419241143858276
0,3,xgboost,2044,27,0.0132093933463796,0.4017517765658568,0.0105232544129773,0.0131091877999571,0.013065804066649422,-0.003320402868922212
0,4,logistic,2053,26,0.0126643935703848,0.3582027247542788,0.0094590741981196,0.012593535334746,0.012535895278697412,-0.004598000762381593
0,4,random_forest,2053,26,0.0126643935703848,0.3593412014724298,0.0094272762777359,0.0125494851775666,0.012535895278697412,-0.0010840788445545257
0,4,xgboost,2053,26,0.0126643935703848,0.4246897650943038,0.0273223362399979,0.0125532070536983,0.012535895278697412,-0.0013809763575725054
0,5,logistic,2050,24,0.0117073170731707,0.4441428101349128,0.0109141893615106,0.0115903429109895,0.011577691883238653,-0.0010927072406514693
0,5,random_forest,2050,24,0.0117073170731707,0.4488729845343863,0.0101765891468824,0.0115820931127351,0.011577691883238653,-0.00038014740250758017
0,5,xgboost,2050,24,0.0117073170731707,0.4038540638367884,0.009384325529371,0.0115920743007999,0.011577691883238653,-0.0012422525755817482
0,6,logistic,2045,26,0.0127139364303178,0.5199832361793729,0.0156133999229272,0.012571668679813,0.012569900189673874,-0.00014069245677705844
0,6,random_forest,2045,26,0.0127139364303178,0.5855145349944756,0.0729615130992323,0.0124494729959477,0.012569900189673874,0.00958060063397348
0,6,xgboost,2045,26,0.0127139364303178,0.5224787594772736,0.0344974328294401,0.0125412731014955,0.012569900189673874,0.002277431622081716
0,7,logistic,2027,25,0.0123334977799704,0.5397002997002996,0.0183652026356794,0.0121807813652142,0.012204970492482013,0.00198190788602981
0,7,random_forest,2027,25,0.0123334977799704,0.54002997002997,0.0136081193576716,0.0121868022548746,0.012204970492482013,0.0014885933250394778
0,7,xgboost,2027,25,0.0123334977799704,0.4669530469530469,0.0315635753313965,0.01221033589526,0.012204970492482013,-0.0004396080089905663
0,8,logistic,2060,48,0.0233009708737864,0.4500186381709742,0.0204045584903714,0.0228028309166153,0.022785728769330143,-0.0007505639805638342
0,8,random_forest,2060,48,0.0233009708737864,0.4445203777335983,0.0212374088833321,0.0227917755306182,0.022785728769330143,-0.000265374934866891
0,8,xgboost,2060,48,0.0233009708737864,0.4695058813783963,0.0245863082418813,0.0227902469180298,0.022785728769330143,-0.00019828853162429105
0,9,logistic,2041,25,0.012248897599216,0.5336111111111113,0.0146397056146136,0.0121043877518992,0.01210100048456516,-0.00027991630430568293
0,9,random_forest,2041,25,0.012248897599216,0.4413293650793651,0.0110144876217405,0.0121146248792446,0.01210100048456516,-0.0011258899375152787
0,9,xgboost,2041,25,0.012248897599216,0.5260912698412699,0.0128763080927702,0.0121118214134466,0.01210100048456516,-0.0008942177049942046
0,10,logistic,2039,27,0.013241785188818,0.6225057065017304,0.0213428901797712,0.0131321758951907,0.013085466858794824,-0.003569535340230079
0,10,random_forest,2039,27,0.013241785188818,0.6138815256608495,0.0294377766272662,0.0131160780502089,0.013085466858794824,-0.002339327419067283
0,10,xgboost,2039,27,0.013241785188818,0.6499705470878433,0.0411379028135141,0.0130086846432819,0.013085466858794824,0.005867747505035936
0,11,logistic,2033,14,0.0068863748155435,0.4412368216231515,0.0062655123069694,0.0068539032118388,0.006840528330404153,-0.0019552409972778406
0,11,random_forest,2033,14,0.0068863748155435,0.5924078398075426,0.0130090363491175,0.0068307613889984,0.006840528330404153,0.0014278051246922052
0,11,xgboost,2033,14,0.0068863748155435,0.4460836340479728,0.0065640083115516,0.0068462603340207,0.006840528330404153,-0.0008379475004978154
0,12,logistic,2038,21,0.0103042198233562,0.4718464480487287,0.0104701222697698,0.0102187627734095,0.010211828323851391,-0.000679060530415887
0,12,random_forest,2038,21,0.0103042198233562,0.5046863564463961,0.0131128053819479,0.0102121768726461,0.010211828323851391,-3.413186979406291e-05
0,12,xgboost,2038,21,0.0103042198233562,0.42323582878863,0.0210514347286307,0.0102200968197253,0.010211828323851391,-0.0008096978926481757
0,13,logistic,2033,15,0.0073782587309394,0.3947142385199868,0.0062002013835948,0.0073410578559488,0.007332481069521205,-0.00116969772526887
0,13,random_forest,2033,15,0.0073782587309394,0.4123719854641559,0.0069096748336131,0.0073367423037759,0.007332481069521205,-0.0005811449377493005
0,13,xgboost,2033,15,0.0073782587309394,0.396828543111992,0.0096062047685101,0.007332622609916,0.007332481069521205,-1.9303206302723197e-05
0,14,logistic,2036,29,0.0142436149312377,0.6215658986650173,0.0242640575981901,0.0140499952475554,0.01406334885304279,0.0009495324070341038
0,14,random_forest,2036,29,0.0142436149312377,0.567273164613508,0.0455729078929515,0.0140171146604492,0.01406334885304279,0.0032875663596717564
0,14,xgboost,2036,29,0.0142436149312377,0.6025462605020359,0.0219689084983791,0.0140474388414115,0.01406334885304279,0.001131310315739542
0,15,logistic,2046,47,0.02297165200391,0.5604930124636787,0.028420161611351,0.0224502778064763,0.022498548096780546,0.0021454846817938744
0,15,random_forest,2046,47,0.02297165200391,0.545272636318159,0.0275495014194289,0.022545168779011,0.022498548096780546,-0.002072164036092783
0,15,xgboost,2046,47,0.02297165200391,0.4759294540887465,0.0242156613044158,0.0226208042993265,0.022498548096780546,-0.005433959650198439
0,16,logistic,2023,16,0.0079090459713297,0.4653089187842551,0.0181237216356764,0.0078955676156488,0.007851014759755508,-0.00567478947074096
0,16,random_forest,2023,16,0.0079090459713297,0.6402902341803687,0.0345624155879803,0.0078204688633806,0.007851014759755508,0.003890694045244558
0,16,xgboost,2023,16,0.0079090459713297,0.4193136522172397,0.0196662529656724,0.0078519567863497,0.007851014759755508,-0.00011998787711120507
0,17,logistic,2037,37,0.0181639666175748,0.445918918918919,0.0165747914760965,0.0178762085198009,0.017849564024634588,-0.0014927252637397803
0,17,random_forest,2037,37,0.0181639666175748,0.5392837837837838,0.0234112779659375,0.0178348983648992,0.017849564024634588,0.0008216256551223378
0,17,xgboost,2037,37,0.0181639666175748,0.4534324324324323,0.0195532645171392,0.0178649273979618,0.017849564024634588,-0.0008607142060170769
0,18,logistic,2034,24,0.0117994100294985,0.4805659203980099,0.0109841706367143,0.0116956922156345,0.011669808427155624,-0.002218013143955755
0,18,random_forest,2034,24,0.0117994100294985,0.4311567164179104,0.0101156720945245,0.0116878843854355,0.011669808427155624,-0.0015489507298007688
0,18,xgboost,2034,24,0.0117994100294985,0.4621165008291874,0.0123824477857788,0.0116712812181317,0.011669808427155624,-0.00012620524023776447
0,19,logistic,2027,24,0.0118401578687715,0.3848602096854718,0.0092101052131567,0.0117362237002937,0.01171179825941227,-0.002085541463438423
0,19,random_forest,2027,24,0.0118401578687715,0.454162506240639,0.0118220043487744,0.0117183385123122,0.01171179825941227,-0.0005584328516479165
0,19,xgboost,2027,24,0.0118401578687715,0.4394658012980529,0.0102680104102563,0.0117221656435054,0.01171179825941227,-0.0008852085617849781
0,20,logistic,2020,21,0.0103960396039603,0.3951737773648729,0.0088249128865519,0.0103237098771044,0.010299265457290614,-0.0023734139017150824
0,20,random_forest,2020,21,0.0103960396039603,0.399628385621382,0.0087239356317973,0.010309764082283,0.010299265457290614,-0.0010193566750875682
0,20,xgboost,2020,21,0.0103960396039603,0.3397532099383025,0.0075988738209432,0.0103320160521342,0.010299265457290614,-0.0031798961760327593
1,0,logistic,2036,30,0.0147347740667976,0.3691758059155866,0.0112253042833576,0.014576219915279,0.01454243800816584,-0.0023229878713726393
1,0,random_forest,2036,30,0.0147347740667976,0.3650132934529744,0.0110165346544243,0.0145503820840687,0.01454243800816584,-0.0005462685072750162
1,0,xgboost,2036,30,0.0147347740667976,0.3609587902957793,0.0117804402986634,0.0145766610330567,0.01454243800816584,-0.0023533210092860912
1,1,logistic,2043,47,0.0230053842388644,0.5104677439986356,0.0292806763318235,0.0224828173492135,0.02253117191932748,0.0021461187321775155
1,1,random_forest,2043,47,0.0230053842388644,0.464972498187865,0.0220851569025271,0.02251570348106,0.02253117191932748,0.0006865350068281373
1,1,xgboost,2043,47,0.0230053842388644,0.443557327420799,0.019987709416586,0.0225412738585502,0.02253117191932748,-0.00044835391869035846
1,2,logistic,2033,22,0.0108214461387112,0.6609556529994123,0.0190765901903202,0.0107788977187626,0.010706476945081464,-0.006764202085580262
1,2,random_forest,2033,22,0.0108214461387112,0.7168979702545093,0.022697067175445,0.0106595187059218,0.010706476945081464,0.004385965560896876
1,2,xgboost,2033,22,0.0108214461387112,0.7312734505673342,0.0251955982582933,0.0106544314090143,0.010706476945081464,0.004861126244807612
1,3,logistic,2044,27,0.0132093933463796,0.3356102756201913,0.0093561425380939,0.0130768170467422,0.013065868491690532,-0.0008379508073750319
1,3,random_forest,2044,27,0.0132093933463796,0.3952147487100387,0.010432966680281,0.0130707556946524,0.013065868491690532,-0.00037404348321556924
1,3,xgboost,2044,27,0.0132093933463796,0.4545254227951302,0.0114324716182258,0.01306640009071,0.013065868491690532,-4.068608373075655e-05
1,4,logistic,2053,26,0.0126643935703848,0.4362453037835376,0.0140389321429927,0.0125287171918643,0.01251310789559665,-0.00124743560096241
1,4,random_forest,2053,26,0.0126643935703848,0.4079921065614208,0.0221963316651787,0.0125127131338502,0.01251310789559665,3.154785763404e-05
1,4,xgboost,2053,26,0.0126643935703848,0.5216310576448712,0.0259440795127707,0.0125033611799842,0.01251310789559665,0.0007789204483626966
1,5,logistic,2050,24,0.0117073170731707,0.2911113853241197,0.0078976617155893,0.0116310416995546,0.011608682411642422,-0.0019260831780318899
1,5,random_forest,2050,24,0.0117073170731707,0.2868747943402435,0.0078764621845423,0.0116365002532423,0.011608682411642422,-0.00239629620429449
1,5,xgboost,2050,24,0.0117073170731707,0.3086335965778216,0.0082385902314124,0.0116414367995181,0.011608682411642422,-0.0028215422486559394
1,6,logistic,2045,26,0.0127139364303178,0.6486646092886805,0.0230155565306606,0.0125208742466421,0.012567293154631575,0.0036936281678420224
1,6,random_forest,2045,26,0.0127139364303178,0.5963919686059359,0.0225927675697942,0.0125390701768531,0.012567293154631575,0.002245748343037146
1,6,xgboost,2045,26,0.0127139364303178,0.5074103707090334,0.0158906729493503,0.0125954987570389,0.012567293154631575,-0.0022443657564341635
1,7,logistic,2027,25,0.0123334977799704,0.517002997002997,0.013279745729772,0.0122008682440357,0.012216218378882421,0.0012565373645625488
1,7,random_forest,2027,25,0.0123334977799704,0.4418581418581418,0.0154659935318287,0.0122134637085612,0.012216218378882421,0.0002254928846051607
1,7,xgboost,2027,25,0.0123334977799704,0.4282517482517483,0.0123606791349854,0.0122876144684039,0.012216218378882421,-0.005844369125301174
1,8,logistic,2060,48,0.0233009708737864,0.5146154324055666,0.02532889243269,0.0227662542818787,0.02276219498114616,-0.00017833520606869158
1,8,random_forest,2060,48,0.0233009708737864,0.4057167412193506,0.0186567531085274,0.0228092384951665,0.02276219498114616,-0.002066738908936827
1,8,xgboost,2060,48,0.0233009708737864,0.4386804174950298,0.0197989394908352,0.0228111387752406,0.02276219498114616,-0.0021502229523548966
1,9,logistic,2041,25,0.012248897599216,0.4487103174603174,0.0144110541581909,0.0121485033745695,0.012115180342774666,-0.00275051884099331
1,9,random_forest,2041,25,0.012248897599216,0.366984126984127,0.0097712254177258,0.0121334126617021,0.012115180342774666,-0.0015049151900003999
1,9,xgboost,2041,25,0.012248897599216,0.3580555555555555,0.0090311322222137,0.0121844007670868,0.012115180342774666,-0.005713528181478189
1,10,logistic,2039,27,0.013241785188818,0.6525292688314557,0.0396192611055255,0.0130047744407137,0.013101665234171542,0.007395303705755918
1,10,random_forest,2039,27,0.013241785188818,0.7050106766806568,0.0298588729894561,0.0130368438941186,0.013101665234171542,0.00494756497699822
1,10,xgboost,2039,27,0.013241785188818,0.7264560783447463,0.0325463535164775,0.01306961975284,0.013101665234171542,0.0024459090320795296
1,11,logistic,2033,14,0.0068863748155435,0.3408688884171796,0.0051693716964188,0.0068557719438043,0.006854026027406463,-0.0002547285917584574
1,11,random_forest,2033,14,0.0068863748155435,0.4062477888629449,0.005744793649329,0.0068567549698998,0.006854026027406463,-0.0003981517552493763
1,11,xgboost,2033,14,0.0068863748155435,0.2473289464374159,0.0044958726538226,0.0068694551961059,0.006854026027406463,-0.0022511103164390978
1,12,logistic,2038,21,0.0103042198233562,0.5491654272021153,0.011820564180782,0.0102089585067844,0.010212366596676669,0.00033372185183577763
1,12,random_forest,2038,21,0.0103042198233562,0.6037136718842222,0.0162783719588607,0.0101877394009513,0.010212366596676669,0.0024115072145357574
1,12,xgboost,2038,21,0.0103042198233562,0.5002242840616664,0.0132367761149782,0.0102133719738369,0.010212366596676669,-9.8447029952764e-05
1,13,logistic,2033,15,0.0073782587309394,0.494813346547737,0.0089412148738099,0.0073291858323304,0.007327885937998969,-0.00017739008800488065
1,13,random_forest,2033,15,0.0073782587309394,0.565609514370664,0.0089308219037332,0.0073264726928104,0.007327885937998969,0.0001928585134276517
1,13,xgboost,2033,15,0.0073782587309394,0.4078956062107697,0.0073552389369369,0.0073370259060731,0.007327885937998969,-0.0012472857999514808
1,14,logistic,2036,29,0.0142436149312377,0.6277511468481006,0.0269113482418482,0.014012924597721,0.014045388716794345,0.0023113720615312028
1,14,random_forest,2036,29,0.0142436149312377,0.5464666769754137,0.0259011070334323,0.0140188742214788,0.014045388716794345,0.001887772268192367
1,14,xgboost,2036,29,0.0142436149312377,0.6026321667268011,0.0282638996689597,0.0140037835451612,0.014045388716794345,0.0029621943879273305
1,15,logistic,2046,47,0.02297165200391,0.5432716358179089,0.0308171786569598,0.0224622463591747,0.02252294844935848,0.0026951218363023832
1,15,random_forest,2046,47,0.02297165200391,0.5561929901120772,0.0255783046158155,0.0225458050112229,0.02252294844935848,-0.0010148121555138
1,15,xgboost,2046,47,0.02297165200391,0.5208561727672347,0.0243110712676278,0.0225464837002529,0.02252294844935848,-0.0010449453785918994
1,16,logistic,2023,16,0.0079090459713297,0.5029583956153463,0.0117695849770549,0.0079477231385193,0.007848422622071222,-0.012652289667585803
1,16,random_forest,2023,16,0.0079090459713297,0.5699738415545591,0.0125695411914869,0.0078449347064125,0.007848422622071222,0.00044440976571691326
1,16,xgboost,2023,16,0.0079090459713297,0.5686970602889886,0.0131725044759364,0.0078506535939554,0.007848422622071222,-0.00028425735865744706
1,17,logistic,2037,37,0.0181639666175748,0.3700135135135134,0.0136244583640456,0.0178987448285671,0.01787113914948033,-0.0015447072990630861
1,17,random_forest,2037,37,0.0181639666175748,0.4417027027027027,0.0164673169959982,0.0178821692551572,0.01787113914948033,-0.0006172021595609589
1,17,xgboost,2037,37,0.0181639666175748,0.3605945945945945,0.0139638324299973,0.0178777504741586,0.01787113914948033,-0.0003699442225237881
1,18,logistic,2034,24,0.0117994100294985,0.4458851575456052,0.0103826866530018,0.0117059141325372,0.011690423411580324,-0.001325077836062949
1,18,random_forest,2034,24,0.0117994100294985,0.3577425373134328,0.0089295556077057,0.0117013317513502,0.011690423411580324,-0.0009331004862553893
1,18,xgboost,2034,24,0.0117994100294985,0.355700663349917,0.0088285342942357,0.0116992147443805,0.011690423411580324,-0.0007520114961334645
1,19,logistic,2027,24,0.0118401578687715,0.3987144283574638,0.0110904970270915,0.0117150414324166,0.011707184102787645,-0.0006711545287036991
1,19,random_forest,2027,24,0.0118401578687715,0.4933849226160759,0.0144069036548043,0.0116987045034534,0.011707184102787645,0.0007243073364009422
1,19,xgboost,2027,24,0.0118401578687715,0.4918455649858545,0.0128380999622798,0.0117158204397014,0.011707184102787645,-0.0007376954900450983
1,20,logistic,2020,21,0.0103960396039603,0.3737940398770814,0.0088088047891474,0.0103076051727376,0.010300734929393658,-0.0006669663272604875
1,20,random_forest,2020,21,0.0103960396039603,0.3359179589794897,0.0074974660621988,0.0103053546053896,0.010300734929393658,-0.0004484802324891124
1,20,xgboost,2020,21,0.0103960396039603,0.4094070844946282,0.0088992542568354,0.0103035460113441,0.010300734929393658,-0.0002729011055726538
2,0,logistic,2036,30,0.0147347740667976,0.3667414423396477,0.0110236996436626,0.0145709808106642,0.014555375727777176,-0.0010721181767394672
2,0,random_forest,2036,30,0.0147347740667976,0.3533150548354935,0.0113892902682948,0.0145507040739035,0.014555375727777176,0.00032095728485803665
2,0,xgboost,2036,30,0.0147347740667976,0.3620305749418411,0.0217607103317896,0.0145618505999953,0.014555375727777176,-0.0004448440451980673
2,1,logistic,2043,47,0.0230053842388644,0.5705560056282778,0.0279802681687015,0.0225184073366863,0.02248945161624275,-0.0012875245220580478
2,1,random_forest,2043,47,0.0230053842388644,0.5161919583848549,0.0234357219276629,0.0224921592279345,0.02248945161624275,-0.00012039474051883658
2,1,xgboost,2043,47,0.0230053842388644,0.4620304438664563,0.0210249426474227,0.0225093522751278,0.02248945161624275,-0.0008848885790828653
2,2,logistic,2033,22,0.0108214461387112,0.6455404366891189,0.0199867071064993,0.0106943611551087,0.010707806121146619,0.0012556228498914468
2,2,random_forest,2033,22,0.0108214461387112,0.6991998553410786,0.022037209459355,0.0107085326258915,0.010707806121146619,-6.784814150173624e-05
2,2,xgboost,2033,22,0.0108214461387112,0.6941593960490031,0.0226492466094273,0.0107170210373509,0.010707806121146619,-0.000860579291408925
2,3,logistic,2044,27,0.0132093933463796,0.4208303494371913,0.0116755682828374,0.0130653329490126,0.013052449497390973,-0.0009870524014823356
2,3,random_forest,2044,27,0.0132093933463796,0.3933785049303145,0.0110239172746159,0.0130594855664922,0.013052449497390973,-0.000539061200936608
2,3,xgboost,2044,27,0.0132093933463796,0.4574083255292973,0.0125549997528902,0.0130526008337338,0.013052449497390973,-1.1594478328103008e-05
2,4,logistic,2053,26,0.0126643935703848,0.4769458464574399,0.013516719869784,0.0125198695729989,0.012516493483026343,-0.00026973129312413135
2,4,random_forest,2053,26,0.0126643935703848,0.3405847975408903,0.0090945824316344,0.0125501813687341,0.012516493483026343,-0.002691479506895522
2,4,xgboost,2053,26,0.0126643935703848,0.3926985693142575,0.0098440747948222,0.0125287874861505,0.012516493483026343,-0.000982224226044437
2,5,logistic,2050,24,0.0117073170731707,0.466415761763738,0.0106725355346515,0.0115850633814968,0.011582736567986867,-0.00020088633599457673
2,5,random_forest,2050,24,0.0117073170731707,0.3919257979598552,0.0095122261860528,0.0116095982110772,0.011582736567986867,-0.0023191102493493876
2,5,xgboost,2050,24,0.0117073170731707,0.4053759460348799,0.0094660719601997,0.0116088113493624,0.011582736567986867,-0.0022511762416836945
2,6,logistic,2045,26,0.0127139364303178,0.6006591229473844,0.0166070289512952,0.0125552181436952,0.012554953624821735,-2.1068884949348998e-05
2,6,random_forest,2045,26,0.0127139364303178,0.5621785346896789,0.0174735049469168,0.0125672721848344,0.012554953624821735,-0.0009811712875076317
2,6,xgboost,2045,26,0.0127139364303178,0.5401379205242505,0.0152536816456117,0.012590218553309,0.012554953624821735,-0.002808845778414115
2,7,logistic,2027,25,0.0123334977799704,0.5392207792207793,0.0133915961852876,0.0122048189171759,0.012203727331495485,-8.944690837187075e-05
2,7,random_forest,2027,25,0.0123334977799704,0.5126373626373627,0.0135656665152045,0.0121925159214057,0.012203727331495485,0.0009186873637245796
2,7,xgboost,2027,25,0.0123334977799704,0.3954645354645354,0.01138222093426,0.0122503280245642,0.012203727331495485,-0.0038185622968194277
2,8,logistic,2060,48,0.0233009708737864,0.4273939695162359,0.0197323592337629,0.02279218101222,0.02278973101055998,-0.0001075046326297624
2,8,random_forest,2060,48,0.0233009708737864,0.439545021537442,0.0204556625995139,0.0227915302235561,0.02278973101055998,-7.894840861832897e-05
2,8,xgboost,2060,48,0.0233009708737864,0.4835984095427436,0.0245990047204957,0.022772839322053,0.02278973101055998,0.000741197362055579
2,9,logistic,2041,25,0.012248897599216,0.5239285714285714,0.0132107705684257,0.012110425622394,0.012107082218346403,-0.0002761527498780225
2,9,random_forest,2041,25,0.012248897599216,0.3913293650793651,0.0097288778373775,0.0121167426842355,0.012107082218346403,-0.0007979185830966351
2,9,xgboost,2041,25,0.012248897599216,0.5296825396825396,0.0162352874093052,0.012099160388219,0.012107082218346403,0.0006543137301404656
2,10,logistic,2039,27,0.013241785188818,0.6641447610632502,0.026804089159977,0.0130402486775972,0.013091855029494798,0.003941867044917169
2,10,random_forest,2039,27,0.013241785188818,0.6796627641558058,0.0415458151395086,0.012976908935761,0.013091855029494798,0.0087799699488601
2,10,xgboost,2039,27,0.013241785188818,0.7296038583314925,0.039814979739041,0.0129863565329189,0.013091855029494798,0.008058330644375444
2,11,logistic,2033,14,0.0068863748155435,0.4518149012948418,0.0066223772500213,0.0068499521525298,0.006842746865472657,-0.001052981675166098
2,11,random_forest,2033,14,0.0068863748155435,0.4951885657680605,0.0071679880020532,0.006844212581435,0.006842746865472657,-0.00021419993917026758
2,11,xgboost,2033,14,0.0068863748155435,0.4151984716620675,0.0063554118221476,0.0068592736135131,0.006842746865472657,-0.002415221308833315
2,12,logistic,2038,21,0.0103042198233562,0.4849257501711641,0.0099476127279583,0.0102127538333895,0.010208618731366135,-0.0004050598942106909
2,12,random_forest,2038,21,0.0103042198233562,0.5598130179191161,0.0122406599737183,0.010208854150286,0.010208618731366135,-2.3060800492302747e-05
2,12,xgboost,2038,21,0.0103042198233562,0.4178057936114455,0.0090721586453597,0.0102225030335844,0.010208618731366135,-0.0013600568875791197
2,13,logistic,2033,15,0.0073782587309394,0.3918070697059795,0.0059655524076997,0.0073380844908701,0.007327668288980944,-0.001421489275765797
2,13,random_forest,2033,15,0.0073782587309394,0.3951106706309877,0.006205406768346,0.0073364931149891,0.007327668288980944,-0.001204315705915171
2,13,xgboost,2033,15,0.0073782587309394,0.4357449620085893,0.0070348556401478,0.0073518929332862,0.007327668288980944,-0.0033059144259686146
2,14,logistic,2036,29,0.0142436149312377,0.6725770149305019,0.0308979415487729,0.0139875833607751,0.014051803744934883,0.004570259115875497
2,14,random_forest,2036,29,0.0142436149312377,0.6212738175008161,0.0687673450310592,0.0139824366428402,0.014051803744934883,0.004936526538074304
2,14,xgboost,2036,29,0.0142436149312377,0.5956050375410202,0.037686860794202,0.0139913348289552,0.014051803744934883,0.004303284978733002
2,15,logistic,2046,47,0.02297165200391,0.60138579928262,0.0305115717881308,0.0224220555006552,0.022473026126387956,0.0022680802062925443
2,15,random_forest,2046,47,0.02297165200391,0.6043447255542665,0.028721686026474,0.0224580509853733,0.022473026126387956,0.0006663606819319323
2,15,xgboost,2046,47,0.02297165200391,0.595457303119645,0.0273864399286009,0.0224719740346652,0.022473026126387956,4.6815756669316144e-05
2,16,logistic,2023,16,0.0079090459713297,0.5132972097658195,0.0103309986860096,0.0078511522796813,0.007850117964169592,-0.00013175795783326727
2,16,random_forest,2023,16,0.0079090459713297,0.584096287992028,0.0142002779037702,0.0078405935090209,0.007850117964169592,0.0012132881559442366
2,16,xgboost,2023,16,0.0079090459713297,0.6074364723467862,0.0160220004393882,0.0078355940838636,0.007850117964169592,0.0018501480324606412
2,17,logistic,2037,37,0.0181639666175748,0.4186486486486487,0.0165597916031439,0.0178866088535613,0.01785130064975206,-0.0019779065123597395
2,17,random_forest,2037,37,0.0181639666175748,0.5492027027027027,0.0217870733888544,0.0178382954270363,0.01785130064975206,0.0007285308208588859
2,17,xgboost,2037,37,0.0181639666175748,0.4863648648648649,0.0188025232308287,0.0178622016247286,0.01785130064975206,-0.0006106543825807886
2,18,logistic,2034,24,0.0117994100294985,0.5850746268656716,0.0165864161949246,0.0116658948824042,0.01166066822724275,-0.00044822947189593343
2,18,random_forest,2034,24,0.0117994100294985,0.490941127694859,0.012324522361844,0.0116652735482851,0.01166066822724275,-0.0003949448653028931
2,18,xgboost,2034,24,0.0117994100294985,0.4384950248756218,0.010414276867917,0.0116721071869734,0.01166066822724275,-0.0009809866388210686
2,19,logistic,2027,24,0.0118401578687715,0.4931769013146946,0.0124298309719237,0.0117166143016208,0.011703297513377377,-0.001137866334526727
2,19,random_forest,2027,24,0.0118401578687715,0.5032451323015477,0.0187839647170148,0.0117025790488823,0.011703297513377377,6.138991974313779e-05
2,19,xgboost,2027,24,0.0118401578687715,0.5215302046929606,0.0288426220604812,0.0116952036481476,0.011703297513377377,0.0006915884365518155
2,20,logistic,2020,21,0.0103960396039603,0.4659353486266943,0.0130657396294563,0.0103010222197701,0.010299589095488414,-0.00013914383072943792
2,20,random_forest,2020,21,0.0103960396039603,0.3498534981776602,0.0121568384625432,0.0102976300064175,0.010299589095488414,0.00019021041060474086
2,20,xgboost,2020,21,0.0103960396039603,0.4481526477524477,0.0093024015644422,0.0103144069269554,0.010299589095488414,-0.0014386818085272424
